{
  "duration_sec": 25.0,
  "task_samples": 13555,
  "teleop_samples": 13093,
  "jump_total": 0,
  "jump_joint4": 0,
  "jump_joint6": 0,
  "task_pos_mm": {
    "mean": 43.17623684829746,
    "rms": 45.310125733440216,
    "max": 78.27999169495008,
    "p95": 67.47809726361493
  },
  "task_orient_mrad": {
    "mean": 13.45729957006031,
    "rms": 15.321958710130193,
    "max": 33.81644432022749,
    "p95": 28.270415147006453
  },
  "base_task_pos_mm": {
    "mean": 43.17623684829744,
    "rms": 45.310125733440216,
    "max": 78.2799916949501,
    "p95": 67.47809726361493
  },
  "master_slave_pos_mm": {
    "mean": 43.377557851303905,
    "rms": 45.55906928159966,
    "max": 78.53348297932975,
    "p95": 66.85248545074055
  },
  "master_slave_orient_mrad": {
    "mean": 13.611017765669525,
    "rms": 15.863090833192707,
    "max": 36.57571853663275,
    "p95": 31.283101761858866
  },
  "joint4_master_err_rad": {
    "mean": 0.05014986249330972,
    "rms": 0.06454923531517437,
    "max": 0.13347055533621002,
    "p95": 0.12978069362705583
  },
  "joint5_master_err_rad": {
    "mean": 0.12482493084846187,
    "rms": 0.15229292224590454,
    "max": 0.2913710064619008,
    "p95": 0.28281846765025487
  }
}
