{
  "duration_sec": 25.0,
  "task_samples": 11408,
  "teleop_samples": 11408,
  "jump_total": 0,
  "jump_joint4": 0,
  "jump_joint6": 0,
  "task_pos_mm": {
    "mean": 1.897926416005311,
    "rms": 2.7619808421467082,
    "max": 61.498204067747594,
    "p95": 3.5422169728435007
  },
  "task_orient_mrad": {
    "mean": 3.139887804456819,
    "rms": 7.624685243846779,
    "max": 215.5335615075634,
    "p95": 6.112900486109891
  },
  "base_task_pos_mm": {
    "mean": 1.897926416005311,
    "rms": 2.7619808421467082,
    "max": 61.49820406774761,
    "p95": 3.542216972843525
  },
  "master_slave_pos_mm": {
    "mean": 2.1928706471731916,
    "rms": 4.006981058584304,
    "max": 63.439756668376894,
    "p95": 4.011197335357502
  },
  "master_slave_orient_mrad": {
    "mean": 4.47077006428124,
    "rms": 13.370236198820916,
    "max": 239.17561832557348,
    "p95": 8.01704536056904
  },
  "joint4_master_err_rad": {
    "mean": 0.0,
    "rms": 0.0,
    "max": 0.0,
    "p95": 0.0
  },
  "joint5_master_err_rad": {
    "mean": 0.0,
    "rms": 0.0,
    "max": 0.0,
    "p95": 0.0
  }
}
