{
  "recorded_at": "2026-06-29T05:43:20.787764+00:00",
  "compare_config": "teleop_compare_mode_b.yaml",
  "method": "clik",
  "duration_sec": 16.015005000000002,
  "samples": 1,
  "world_pos_mm": {
    "mean": 30.796257679771223,
    "rms": 30.796257679771223,
    "max": 30.796257679771223,
    "p95": 30.796257679771223
  },
  "master_slave_pos_mm": {
    "mean": 19.731945513351043,
    "rms": 19.731945513351043,
    "max": 19.731945513351043,
    "p95": 19.731945513351043
  },
  "solve_time_us": {
    "mean": 25.0,
    "rms": 25.0,
    "max": 25.0,
    "p95": 25.0
  },
  "jump_count": 0
}
