t_sec,master_slave_pos_err_m
0.038018,0.019731945513351043
