{
  "world_pos_mm": {
    "rms": 2.293892378084335,
    "max": 48.79441898806083,
    "mean": 1.6929415847289098,
    "p95": 3.0557105977914505
  },
  "master_slave_pos_mm": {
    "rms": 3.677,
    "max": 51.539,
    "mean": 2.151,
    "p95": 3.484
  },
  "solve_time_us": {
    "mean": 0,
    "rms": 0,
    "max": 0,
    "p95": 0
  }
}