{
  "duration_sec": 25.0,
  "task_samples": 13637,
  "teleop_samples": 13157,
  "jump_total": 0,
  "jump_joint4": 0,
  "jump_joint6": 0,
  "task_pos_mm": {
    "mean": 19.999445249064653,
    "rms": 19.999452861667763,
    "max": 20.0652189063373,
    "p95": 20.02556524160315
  },
  "task_orient_mrad": {
    "mean": 0.05411934245159064,
    "rms": 0.09707057443607535,
    "max": 0.3291423914354003,
    "p95": 0.2727397679965541
  },
  "master_slave_pos_mm": {
    "mean": 20.00078428052489,
    "rms": 20.00085347476198,
    "max": 20.22519020765174,
    "p95": 20.11011284562612
  },
  "master_slave_orient_mrad": {
    "mean": 0.11767923383952124,
    "rms": 0.28946602857373405,
    "max": 2.826346975261338,
    "p95": 0.8080147026091824
  },
  "joint4_master_err_rad": {
    "mean": 0.0,
    "rms": 0.0,
    "max": 0.0,
    "p95": 0.0
  },
  "joint5_master_err_rad": {
    "mean": 9.229113579048633e-06,
    "rms": 3.8583084523197374e-05,
    "max": 0.0009462927891908945,
    "p95": 8.923868093548817e-05
  }
}
