{
  "recorded_at": "2026-06-29T05:46:16.550735+00:00",
  "compare_config": "teleop_compare_mode_b.yaml",
  "method": "wbc",
  "duration_sec": 16.009831,
  "samples": 8164,
  "world_pos_mm": {
    "mean": 29.831407501187865,
    "rms": 43.2276602160187,
    "max": 241.47798131540893,
    "p95": 82.99317685950801
  },
  "master_slave_pos_mm": {
    "mean": 34.24103650047166,
    "rms": 53.433042182004705,
    "max": 253.95983736219756,
    "p95": 147.0561667889075
  },
  "solve_time_us": {
    "mean": 1149.1687898089172,
    "rms": 1159.1905632299768,
    "max": 4383.0,
    "p95": 1428.0
  },
  "jump_count": 44
}
