{
  "duration_sec": 25.0,
  "task_samples": 9120,
  "teleop_samples": 8781,
  "jump_total": 0,
  "jump_joint4": 0,
  "jump_joint6": 0,
  "task_pos_mm": {
    "mean": 36.89259960874036,
    "rms": 39.57540309489385,
    "max": 68.29578334778856,
    "p95": 62.86569494324655
  },
  "task_orient_mrad": {
    "mean": 13.921631961863293,
    "rms": 15.237011068282595,
    "max": 27.706862070340833,
    "p95": 25.447681763297076
  },
  "master_slave_pos_mm": {
    "mean": 37.98100738176742,
    "rms": 40.6622844105639,
    "max": 68.89547867191347,
    "p95": 63.94922907830386
  },
  "master_slave_orient_mrad": {
    "mean": 12.89606594980946,
    "rms": 14.22472878399418,
    "max": 24.484394619903934,
    "p95": 23.23563119744611
  },
  "joint4_master_err_rad": {
    "mean": 0.09700164903159567,
    "rms": 0.12019692648420426,
    "max": 0.22322214872491236,
    "p95": 0.2197332913297271
  },
  "joint5_master_err_rad": {
    "mean": 0.12134371884086043,
    "rms": 0.15219344996980358,
    "max": 0.2813072622200094,
    "p95": 0.2687517417601971
  }
}
