{
  "method": "clik",
  "duration_sec": 16.009831,
  "samples": 7817,
  "world_pos_mm": {
    "mean": 8.391573683000459,
    "rms": 18.774205098627377,
    "max": 214.87125451500157,
    "p95": 24.11014353299548
  },
  "master_slave_pos_mm": {
    "mean": 14.96259838153807,
    "rms": 41.05632071661152,
    "max": 254.4433808201023,
    "p95": 38.14164046561233
  },
  "solve_time_us": {
    "mean": 23.924267621849815,
    "rms": 25.23414720139063,
    "max": 389.0,
    "p95": 34.0
  },
  "jump_count": 0
}
