{
  "duration_sec": 25.0,
  "task_samples": 11855,
  "teleop_samples": 11855,
  "jump_total": 0,
  "jump_joint4": 0,
  "jump_joint6": 0,
  "task_pos_mm": {
    "mean": 1.8579104704971248,
    "rms": 2.6575276832233006,
    "max": 59.167208225583266,
    "p95": 3.4991079961308613
  },
  "task_orient_mrad": {
    "mean": 3.168582455165537,
    "rms": 7.217020936484551,
    "max": 204.0524867037385,
    "p95": 5.987634788985738
  },
  "base_task_pos_mm": {
    "mean": 1.8579104704971248,
    "rms": 2.6575276832233,
    "max": 59.16720822558322,
    "p95": 3.499107996130854
  },
  "master_slave_pos_mm": {
    "mean": 2.202394983008085,
    "rms": 3.9149231937911058,
    "max": 61.47689753906011,
    "p95": 4.008219964302895
  },
  "master_slave_orient_mrad": {
    "mean": 4.711490229941422,
    "rms": 12.7880905401885,
    "max": 227.70622080112733,
    "p95": 8.19547570158658
  },
  "joint4_master_err_rad": {
    "mean": 0.4634025979753878,
    "rms": 0.5362472084512582,
    "max": 1.1098083515812809,
    "p95": 1.0571818671129
  },
  "joint5_master_err_rad": {
    "mean": 0.103075736284477,
    "rms": 0.14065837014027271,
    "max": 0.34683508989965206,
    "p95": 0.3155903060928499
  }
}
